"id","startDate","endDate","boat","product","departurePort","arrivalPort","tripStatus","availableSpaces","bookedSpaces","optionSpaces","price","parentPrice"
28446,"2025-05-31","2025-06-05","Anne Bonny","Komodo","Labuan Bajo","Labuan Bajo","Confirmed",0,0,0,"1800.00","2250.00"
13557,"2025-06-01","2025-06-08","Horizon-3 Dive Safari","Best Of The Central Atolls (Male-Ari-Vaavu-Male)","Male","Male","Confirmed",1,22,0,"1499.00","2998.00"
26669,"2025-06-01","2025-06-06","Jelajahi Laut","Best of Komodo 6D/5N","Labuan Bajo","Labuan Bajo","Confirmed",0,10,1,"2014.50","2370.00"
13085,"2025-06-03","2025-06-13","Black Pearl","Palau Spawning Special 10 nights","Malakal","Malakal","Confirmed",2,17,3,"5660.00",""
22923,"2025-06-03","2025-06-10","Indo Master","Komodo National Park","Labuan Bajo","Labuan Bajo","Confirmed",0,16,0,"0.00",""
33687,"2025-06-03","2025-06-08","Lagoon 380","Classic 6 days / 5 nights cruise","Nosy Be","Nosy Be","Not confirmed",8,0,0,"",""
9574,"2025-06-05","2025-06-11","Philippine Siren","Tubbataha National Park","Puerto Princesa","Puerto Princesa","Confirmed",0,16,0,"4350.00",""
26971,"2025-06-05","2025-06-07","Nusantara","Best of Komodo 3D/2N","Labuan Bajo","Labuan Bajo","Confirmed",0,11,1,"630.00",""
6238,"2025-06-07","2025-06-18","Pacific Master","Bikini Atoll","Kwajalein","Kwajalein","Confirmed",1,15,0,"0.00",""
18302,"2025-06-07","2025-06-14","Blue Melody","Brothers, Daedalus & Elphinstone","Port Ghalib","Hurghada","Confirmed",26,0,0,"",""
11728,"2025-06-08","2025-06-19","Calico Jack","Raja Ampat Full Park","Sorong","Sorong","Confirmed",0,10,0,"4158.00","4620.00"
13558,"2025-06-08","2025-06-15","Horizon-3 Dive Safari","Best Of The Central Atolls (Male-Ari-Vaavu-Male)","Male","Male","Confirmed",0,22,0,"1499.00","2998.00"
40524,"2025-06-08","2025-06-13","Black Pearl","Best of Palau Experience 5 nights","Malakal","Malakal","Confirmed",2,9,3,"2830.00",""
22382,"2025-06-08","2025-06-18","Horizon-2 Surf Safari","Central Maldives - Male - Thaa - Dhaalu - Meemu - Laamu - Male","Male","Male","Confirmed",5,7,0,"2962.00",""
34908,"2025-06-08","2025-06-17","Jelajahi Laut","Komodo - Bali Whalesharks 10D/9N","Labuan Bajo","Bali","Confirmed",0,12,0,"",""
22518,"2025-06-08","2025-06-19","Fenides","11N/12D West and Central Komodo (Labuan Bajo - Labuan Bajo)","Labuan Bajo","Labuan Bajo","Not confirmed",11,0,0,"",""
6174,"2025-06-09","2025-06-16","Galapagos Master","Master the Galapagos","Port of San Cristobal","Port of San Cristobal","Confirmed",1,15,0,"7140.00",""
26934,"2025-06-09","2025-06-12","Nusantara","Best of Komodo 4D/3N","Labuan Bajo","Labuan Bajo","Confirmed",1,8,3,"840.00",""
6907,"2025-06-10","2025-06-20","Solomons Master","Tec. Special","Honiara","Honiara","Confirmed",4,8,0,"6350.00",""
28447,"2025-06-10","2025-06-18","Anne Bonny","Komodо","Labuan Bajo","Labuan Bajo","Confirmed",0,9,0,"",""
33688,"2025-06-10","2025-06-15","Lagoon 380","Classic 6 days / 5 nights cruise","Nosy Be","Nosy Be","Not confirmed",8,0,0,"",""
22924,"2025-06-11","2025-06-18","Indo Master","Komodo National Park","Labuan Bajo","Labuan Bajo","Confirmed",6,12,0,"0.00",""
6812,"2025-06-12","2025-06-25","Philippine Siren","Tubbataha & More","Puerto Princesa","Mactan","Confirmed",0,14,0,"7865.00",""
15671,"2025-06-12","2025-06-19","Heaven Saphir","Daedalus Reef – St. John's - Elphinstone","Port Ghalib","Port Ghalib","Not confirmed",20,0,0,"1620.00",""
32536,"2025-06-12","2025-06-16","The Junk","Southern Thailand","Chalong Pier","Chalong Pier","Confirmed",11,6,1,"640.00","800.00"
13086,"2025-06-13","2025-06-20","Black Pearl","Best of Palau 7 nights","Malakal","Malakal","Not confirmed",24,0,0,"3960.00",""
26972,"2025-06-14","2025-06-16","Nusantara","Best of Komodo 3D/2N","Labuan Bajo","Labuan Bajo","Confirmed",9,2,1,"630.00",""
18158,"2025-06-14","2025-06-21","Blue Horizon","Brothers, Daedalus & Elphinstone","Port Ghalib","Hurghada","Confirmed",0,25,0,"1053.50","1505.00"
26397,"2025-06-14","2025-06-21","Blue Melody","Northern Red Sea Wrecks & Reefs","Hurghada","Hurghada","Confirmed",26,0,0,"",""
13559,"2025-06-15","2025-06-22","Horizon-3 Dive Safari","Best Of The Central Atolls (Male-Ari-Vaavu-Male)","Male","Male","Confirmed",2,20,1,"1499.00","2998.00"
6175,"2025-06-16","2025-06-23","Galapagos Master","Master the Galapagos","Port of San Cristobal","Port of San Cristobal","Confirmed",2,14,0,"7140.00",""
33689,"2025-06-17","2025-06-22","Lagoon 380","Classic 6 days / 5 nights cruise","Nosy Be","Nosy Be","Not confirmed",8,0,0,"",""
26935,"2025-06-18","2025-06-21","Nusantara","Best of Komodo 4D/3N","Labuan Bajo","Labuan Bajo","Confirmed",6,6,0,"840.00",""
15644,"2025-06-19","2025-06-26","Heaven Saphir","Brothers - Daedalus - Elphinstone","Port Ghalib","Port Ghalib","Not confirmed",20,0,0,"1620.00",""
22383,"2025-06-19","2025-06-29","Horizon-2 Surf Safari","Central Maldives - Male - Thaa - Dhaalu - Meemu - Laamu - Male","Male","Male","Confirmed",1,9,1,"2962.00",""
6239,"2025-06-19","2025-06-30","Pacific Master","Bikini Atoll","Kwajalein","Kwajalein","Confirmed",18,0,0,"",""
28449,"2025-06-19","2025-06-22","Anne Bonny","Komodo","Labuan Bajo","Labuan Bajo","Confirmed",0,9,0,"",""
22925,"2025-06-19","2025-06-26","Indo Master","Komodo National Park","Labuan Bajo","Labuan Bajo","Confirmed",3,13,2,"0.00",""
32537,"2025-06-19","2025-06-23","The Junk","Southern Thailand","Chalong Pier","Chalong Pier","Confirmed",11,6,1,"640.00","800.00"
13087,"2025-06-20","2025-06-27","Black Pearl","Palau Bumphead Spawning (New Moon)","Malakal","Malakal","Confirmed",12,10,1,"3366.00","3960.00"
6909,"2025-06-21","2025-06-28","Solomons Master","Florida and Russell Islands","Honiara","Honiara","Confirmed",0,15,0,"",""
18159,"2025-06-21","2025-06-28","Blue Horizon","Northern Red Sea & Brothers","Hurghada","Port Ghalib","Confirmed",0,26,0,"",""
18304,"2025-06-21","2025-06-28","Blue Melody","Red Sea Wrecks","Hurghada","Hurghada","Confirmed",7,17,1,"1036.00","1295.00"
13560,"2025-06-22","2025-06-29","Horizon-3 Dive Safari","Best Of The Central Atolls (Male-Ari-Vaavu-Male)","Male","Male","Confirmed",0,22,2,"1499.00","2998.00"
6176,"2025-06-23","2025-06-30","Galapagos Master","Master the Galapagos","Port of San Cristobal","Port of San Cristobal","Confirmed",0,16,0,"",""
26973,"2025-06-23","2025-06-25","Nusantara","Best of Komodo 3D/2N","Labuan Bajo","Labuan Bajo","Confirmed",7,5,0,"630.00",""
32618,"2025-06-24","2025-06-29","Lagoon 380","Classic 6 days / 5 nights cruise","Nosy Be","Nosy Be","Confirmed",8,0,0,"678.00",""
17350,"2025-06-26","2025-07-06","Sea Hunter","Cocos Island","Puntarenas","Puntarenas","Confirmed",0,19,0,"6990.00",""
15672,"2025-06-26","2025-07-03","Heaven Saphir","Southern Route – St. John’s","Port Ghalib","Port Ghalib","Confirmed",0,0,20,"1600.00",""
32538,"2025-06-26","2025-06-30","The Junk","Southern Thailand","Chalong Pier","Chalong Pier","Confirmed",10,6,2,"640.00","800.00"
13088,"2025-06-27","2025-07-04","Black Pearl","Best of Palau 7 nights","Malakal","Malakal","Confirmed",0,24,0,"",""
26936,"2025-06-27","2025-06-30","Nusantara","Best of Komodo 4D/3N","Labuan Bajo","Labuan Bajo","Confirmed",11,0,1,"840.00",""
22926,"2025-06-27","2025-07-04","Indo Master","Komodo National Park","Labuan Bajo","Labuan Bajo","Confirmed",18,0,0,"",""
6674,"2025-06-28","2025-07-05","Palau Siren","Palau Islands","Koror","Koror","Confirmed",0,16,0,"",""
28450,"2025-06-28","2025-07-03","Anne Bonny","Komodo","Labuan Bajo","Labuan Bajo","Confirmed",0,0,9,"",""
18160,"2025-06-28","2025-07-05","Blue Horizon","Best of the Red Sea","Port Ghalib","Port Ghalib","Confirmed",0,26,0,"",""
26350,"2025-06-28","2025-07-05","Blue Melody","Brothers, Daedalus & Elphinstone","Hurghada","Port Ghalib","Confirmed",0,24,0,"1053.50","1505.00"
22801,"2025-06-29","2025-07-06","Adora","Best of Maldives 7Nights","Male","Male","Not confirmed",1,2,0,"2772.00",""
13561,"2025-06-29","2025-07-06","Horizon-3 Dive Safari","Best Of The Central Atolls (Male-Ari-Vaavu-Male)","Male","Male","Confirmed",0,22,0,"1499.00","2998.00"
6910,"2025-06-29","2025-07-09","Solomons Master","Best of the Solomons","Honiara","Honiara","Confirmed",0,16,0,"6350.00",""
6177,"2025-06-30","2025-07-07","Galapagos Master","Master the Galapagos","Port of San Cristobal","Port of San Cristobal","Confirmed",8,8,0,"6069.00","7140.00"
22384,"2025-06-30","2025-07-10","Horizon-2 Surf Safari","Northern Atolls Male","Male","Male","Confirmed",8,3,1,"2962.00",""
6814,"2025-07-01","2025-07-11","Philippine Siren","Malapascua & Visayas","Mactan","Mactan","Confirmed",4,12,0,"4300.00",""
6240,"2025-07-01","2025-07-11","Pacific Master","Bikini Atoll","Kwajalein","Kwajalein","Confirmed",0,15,0,"",""
15303,"2025-07-01","2025-07-07","Carpe Diem Phinisi","Komodo National Park","Labuan Bajo","Labuan Bajo","Confirmed",1,6,1,"2619.00","2910.00"
33690,"2025-07-01","2025-07-06","Lagoon 380","Classic 6 days / 5 nights cruise","Nosy Be","Nosy Be","Not confirmed",8,0,0,"",""
26974,"2025-07-02","2025-07-04","Nusantara","Best of Komodo 3D/2N","Labuan Bajo","Labuan Bajo","Confirmed",10,2,0,"630.00",""
15673,"2025-07-03","2025-07-10","Heaven Saphir","Daedalus Reef – St. John's - Elphinstone","Port Ghalib","Port Ghalib","Not confirmed",20,0,0,"1620.00",""
32540,"2025-07-03","2025-07-06","The Junk","Southern Explorer","Chalong Pier","Chalong Pier","Confirmed",3,13,0,"590.00",""
13089,"2025-07-04","2025-07-11","Black Pearl","Palau Snapper Spawning (Full moon)","Malakal","Malakal","Confirmed",18,4,2,"2970.00","3960.00"
6675,"2025-07-05","2025-07-12","Palau Siren","Agent FAM Trip","Koror","Koror","Confirmed",1,14,0,"750.00",""
26409,"2025-07-05","2025-07-12","Blue Horizon","Daedalus & St. Johns","Port Ghalib","Port Ghalib","Confirmed",0,26,0,"1505.00",""
18306,"2025-07-05","2025-07-12","Blue Melody","Rocky, Zabargad & St. Johns","Port Ghalib","Port Ghalib","Confirmed",0,26,0,"",""
13562,"2025-07-06","2025-07-13","Horizon-3 Dive Safari","Best Of The Central Atolls (Male-Ari-Vaavu-Male)","Male","Male","Confirmed",0,24,0,"",""
26937,"2025-07-06","2025-07-09","Nusantara","Best of Komodo 4D/3N","Labuan Bajo","Labuan Bajo","Confirmed",7,4,1,"840.00",""
6178,"2025-07-07","2025-07-14","Galapagos Master","Master the Galapagos","Port of San Cristobal","Port of San Cristobal","Confirmed",0,16,0,"",""
22928,"2025-07-08","2025-07-15","Indo Master","Komodo National Park","Labuan Bajo","Labuan Bajo","Confirmed",4,14,0,"0.00",""
33691,"2025-07-08","2025-07-11","Lagoon 380","Short 4 days / 3 nights cruise","Nosy Be","Nosy Be","Not confirmed",8,0,0,"",""
17351,"2025-07-09","2025-07-19","Sea Hunter","Cocos Island","Puntarenas","Puntarenas","Confirmed",0,20,0,"6990.00",""
15674,"2025-07-10","2025-07-17","Heaven Saphir","Elphinstone - Rocky Island– St. John’s","Port Ghalib","Port Ghalib","Not confirmed",20,0,0,"1620.00",""
22483,"2025-07-10","2025-07-17","White Pearl","Best of Central Atolls 7 nights","Male","Male","Not confirmed",0,0,26,"",""
15304,"2025-07-10","2025-07-17","Carpe Diem Phinisi","Komodo Yoga and Diving","Labuan Bajo","Labuan Bajo","Confirmed",7,1,0,"2520.00","2800.00"
32541,"2025-07-10","2025-07-13","The Junk","Southern Explorer","Chalong Pier","Chalong Pier","Confirmed",9,7,2,"0.00",""
13090,"2025-07-11","2025-07-21","Black Pearl","Best of Palau Special 10 nights","Malakal","Koror","Confirmed",9,14,1,"4811.00","5660.00"
26975,"2025-07-11","2025-07-13","Nusantara","Best of Komodo 3D/2N","Labuan Bajo","Labuan Bajo","Confirmed",12,0,0,"630.00",""
34909,"2025-07-11","2025-07-20","Jelajahi Laut","Bali - Komodo Whalesharks 10D/9N","Bali","Labuan Bajo","Confirmed",1,11,0,"3555.00","3950.00"
6815,"2025-07-12","2025-07-22","Philippine Siren","Malapascua & Visayas","Mactan","Mactan","Confirmed",0,16,0,"4300.00",""
22385,"2025-07-12","2025-07-17","Horizon-2 Surf Safari","Freediving Trip (Maldives)","Male","Male","Confirmed",0,12,0,"2962.00",""
28451,"2025-07-12","2025-07-16","Anne Bonny","Komodo","Labuan Bajo","Labuan Bajo","Confirmed",0,9,0,"",""
18162,"2025-07-12","2025-07-19","Blue Horizon","Rocky, Zabargad & St. Johns","Port Ghalib","Port Ghalib","Confirmed",7,16,1,"1204.00","1505.00"
18307,"2025-07-12","2025-07-19","Blue Melody","Brothers, Daedalus & Elphinstone","Port Ghalib","Hurghada","Confirmed",26,0,0,"",""
6676,"2025-07-13","2025-07-20","Palau Siren","Palau Islands","Koror","Koror","Confirmed",0,16,0,"",""
13563,"2025-07-13","2025-07-20","Horizon-3 Dive Safari","Best Of The Central Atolls (Male-Ari-Vaavu-Male)","Male","Male","Confirmed",0,24,0,"",""
33692,"2025-07-13","2025-07-18","Lagoon 380","Classic 6 days / 5 nights cruise","Nosy Be","Nosy Be","Not confirmed",8,0,0,"",""
6179,"2025-07-14","2025-07-21","Galapagos Master","Master the Galapagos","Port of San Cristobal","Port of San Cristobal","Confirmed",0,16,0,"",""
6241,"2025-07-15","2025-07-28","Pacific Master","Bikini Atoll","Kwajalein","Kwajalein","Confirmed",4,14,0,"0.00",""
26938,"2025-07-15","2025-07-18","Nusantara","Best of Komodo 4D/3N","Labuan Bajo","Labuan Bajo","Confirmed",6,1,5,"840.00",""
15675,"2025-07-17","2025-07-24","Heaven Saphir","Southern Route – St. John’s","Port Ghalib","Port Ghalib","Confirmed",0,20,0,"",""
15045,"2025-07-17","2025-07-27","White Pearl","Hanifaru Bay and Northern Atolls 10 nights","Male","Male","Confirmed",0,26,0,"",""
28452,"2025-07-19","2025-07-23","Anne Bonny","Komodo","Labuan Bajo","Labuan Bajo","Confirmed",0,9,0,"",""
18163,"2025-07-19","2025-07-26","Blue Horizon","Brothers, Daedalus & Elphinstone","Port Ghalib","Hurghada","Confirmed",26,0,0,"",""
18308,"2025-07-19","2025-07-26","Blue Melody","Strait of Tiran & North","Hurghada","Hurghada","Confirmed",26,0,0,"",""
13564,"2025-07-20","2025-07-27","Horizon-3 Dive Safari","Best Of The Central Atolls (Male-Ari-Vaavu-Male)","Male","Male","Confirmed",0,24,0,"",""
26976,"2025-07-20","2025-07-22","Nusantara","Best of Komodo 3D/2N","Labuan Bajo","Labuan Bajo","Confirmed",10,1,1,"630.00",""
15305,"2025-07-20","2025-07-27","Carpe Diem Phinisi","Komodo Yoga and Diving","Labuan Bajo","Labuan Bajo","Confirmed",1,5,0,"2520.00","2800.00"
6180,"2025-07-21","2025-07-28","Galapagos Master","Master the Galapagos","Port of San Cristobal","Port of San Cristobal","Confirmed",0,16,0,"",""
17352,"2025-07-22","2025-08-01","Sea Hunter","Cocos Island","Puntarenas","Puntarenas","Confirmed",0,10,0,"6990.00",""
13091,"2025-07-22","2025-07-29","Black Pearl","Palau Bumphead Spawning (New Moon)","Malakal","Malakal","Confirmed",4,19,0,"3564.00","3960.00"
22386,"2025-07-22","2025-08-01","Horizon-2 Surf Safari","Central Maldives - Male - Thaa - Dhaalu - Meemu - Laamu - Male","Male","Male","Confirmed",10,2,0,"2962.00",""
21306,"2025-07-22","2025-07-29","Galapagos Citizen Science Expedition","Galapagos 8-day Conservation Dive Trip","Baltra","Baltra","Confirmed",0,16,0,"6090.00",""
30642,"2025-07-23","2025-08-02","Adora","Surf Central 10Nights","Male","Male","Confirmed",0,21,0,"",""
34910,"2025-07-23","2025-07-28","Jelajahi Laut","Best of Komodo 6D/5N","Labuan Bajo","Labuan Bajo","Confirmed",12,0,0,"2133.00","2370.00"
6677,"2025-07-24","2025-08-03","Palau Siren","Palau Islands","Koror","Koror","Confirmed",4,12,0,"5350.00",""
15676,"2025-07-24","2025-07-31","Heaven Saphir","Brothers - Daedalus - Elphinstone","Port Ghalib","Hurghada","Not confirmed",20,0,0,"1620.00",""
26939,"2025-07-24","2025-07-27","Nusantara","Best of Komodo 4D/3N","Labuan Bajo","Labuan Bajo","Confirmed",6,6,0,"840.00",""
32543,"2025-07-24","2025-07-27","The Junk","Southern Explorer","Chalong Pier","Chalong Pier","Confirmed",13,5,0,"0.00",""
28453,"2025-07-26","2025-08-03","Anne Bonny","Sumbawa-Komodo","Sumbawa Besar","Labuan Bajo","Confirmed",0,9,0,"",""
18309,"2025-07-26","2025-08-02","Blue Melody","Northern Red Sea & Brothers","Hurghada","Hurghada","Confirmed",0,26,0,"",""
13565,"2025-07-27","2025-08-03","Horizon-3 Dive Safari","Best Of The Central Atolls (Male-Ari-Vaavu-Male)","Male","Male","Confirmed",0,24,0,"1499.00","2998.00"
15047,"2025-07-27","2025-08-03","White Pearl","Best of Central Atolls 7 nights","Male","Male","Confirmed",6,16,4,"2781.00","3090.00"
33694,"2025-07-27","2025-08-01","Lagoon 380","Classic 6 days / 5 nights cruise","Nosy Be","Nosy Be","Confirmed",8,0,0,"403.00",""
6181,"2025-07-28","2025-08-04","Galapagos Master","Master the Galapagos","Port of San Cristobal","Port of San Cristobal","Confirmed",2,14,0,"7140.00",""
13092,"2025-07-29","2025-08-05","Black Pearl","Best of Palau 7 nights","Malakal","Malakal","Confirmed",16,8,0,"3366.00","3960.00"
6242,"2025-07-29","2025-08-08","Pacific Master","Bikini Atoll","Kwajalein","Kwajalein","Confirmed",2,16,0,"0.00",""
26977,"2025-07-29","2025-07-31","Nusantara","Best of Komodo 3D/2N","Labuan Bajo","Labuan Bajo","Confirmed",6,5,1,"630.00",""
21307,"2025-07-29","2025-08-12","Galapagos Citizen Science Expedition","Galapagos 15-day Conservation Dive Liveaboard","Baltra","Baltra","Confirmed",0,16,0,"12290.00",""
34913,"2025-07-30","2025-08-05","Jelajahi Laut","Best of Komodo 7D/6N","Labuan Bajo","Labuan Bajo","Confirmed",11,1,0,"2488.50","2765.00"
15306,"2025-07-30","2025-08-06","Carpe Diem Phinisi","Komodo National Park","Labuan Bajo","Labuan Bajo","Confirmed",4,3,0,"3124.80","3472.00"
22931,"2025-07-30","2025-08-09","Indo Master","Komodo National Park","Labuan Bajo","Labuan Bajo","Confirmed",7,11,0,"0.00",""
15677,"2025-07-31","2025-08-07","Heaven Saphir","Classical North Wreck & Reef","Hurghada","Hurghada","Not confirmed",20,0,0,"1500.00",""
22810,"2025-08-02","2025-08-19","Adora","Surf Central 17Nights","Male","Male","Not confirmed",0,21,0,"",""
22387,"2025-08-02","2025-08-12","Horizon-2 Surf Safari","Central Maldives - Male - Thaa - Dhaalu - Meemu - Laamu - Male","Male","Male","Confirmed",6,6,0,"2962.00",""
26940,"2025-08-02","2025-08-05","Nusantara","Best of Komodo 4D/3N","Labuan Bajo","Labuan Bajo","Confirmed",12,0,0,"840.00",""
18310,"2025-08-02","2025-08-09","Blue Melody","Northern Red Sea Wrecks & Reefs","Hurghada","Hurghada","Confirmed",3,17,6,"906.50","1295.00"
13566,"2025-08-03","2025-08-10","Horizon-3 Dive Safari","Best Of The Central Atolls (Male-Ari-Vaavu-Male)","Male","Male","Confirmed",0,24,0,"1499.00","2998.00"
6913,"2025-08-03","2025-08-13","Solomons Master","Best of the Solomons","Honiara","Honiara","Confirmed",5,10,1,"5080.00","6350.00"
18384,"2025-08-03","2025-08-10","White Pearl","Best of Central Atolls 7 nights","Male","Male","Confirmed",4,20,0,"3090.00",""
33695,"2025-08-03","2025-08-08","Lagoon 380","Classic 6 days / 5 nights cruise","Nosy Be","Nosy Be","Not confirmed",8,0,0,"",""
6679,"2025-08-04","2025-08-11","Palau Siren","Palau Islands","Koror","Koror","Confirmed",0,17,0,"3745.00",""
6182,"2025-08-04","2025-08-11","Galapagos Master","Master the Galapagos","Port of San Cristobal","Port of San Cristobal","Confirmed",0,16,0,"7140.00",""
17353,"2025-08-04","2025-08-15","Sea Hunter","Cocos Island","Puntarenas","Puntarenas","Confirmed",0,18,1,"7650.00",""
13093,"2025-08-05","2025-08-12","Black Pearl","Palau Snapper Spawning (Full moon)","Malakal","Malakal","Confirmed",5,18,1,"3960.00",""
28454,"2025-08-05","2025-08-08","Anne Bonny","Komodo","Labuan Bajo","Labuan Bajo","Confirmed",0,9,0,"",""
15678,"2025-08-07","2025-08-14","Heaven Saphir","Daedalus – Rocky Island – Elphinstone","Port Ghalib","Port Ghalib","Confirmed",0,20,0,"",""
26978,"2025-08-07","2025-08-09","Nusantara","Best of Komodo 3D/2N","Labuan Bajo","Labuan Bajo","Confirmed",8,4,0,"630.00",""
34915,"2025-08-07","2025-08-11","Jelajahi Laut","Best of Komodo 5D/4N","Labuan Bajo","Labuan Bajo","Confirmed",8,2,2,"1975.00",""
32545,"2025-08-07","2025-08-10","The Junk","Southern Explorer","Chalong Pier","Chalong Pier","Confirmed",11,6,1,"0.00",""
6243,"2025-08-09","2025-08-20","Pacific Master","Bikini Atoll","Kwajalein","Kwajalein","Confirmed",18,0,0,"",""
15307,"2025-08-09","2025-08-16","Carpe Diem Phinisi","Komodo National Park","Labuan Bajo","Labuan Bajo","Confirmed",5,2,1,"3124.80","3472.00"
28455,"2025-08-09","2025-08-14","Anne Bonny","Komodo","Labuan Bajo","Labuan Bajo","Confirmed",0,9,0,"",""
18165,"2025-08-09","2025-08-16","Blue Horizon","Brothers, Daedalus & Elphinstone","Hurghada","Hurghada","Confirmed",11,14,1,"1053.50","1505.00"
18311,"2025-08-09","2025-08-16","Blue Melody","Brothers, Daedalus & Elphinstone","Hurghada","Hurghada","Confirmed",1,25,0,"1053.50","1505.00"
20486,"2025-08-10","2025-08-21","Calico Jack","Cenderawasih Bay - Manokwari - Nabire","Manokwari","Nabire","Confirmed",0,10,0,"",""
13567,"2025-08-10","2025-08-17","Horizon-3 Dive Safari","Best Of The Central Atolls (Male-Ari-Vaavu-Male)","Male","Male","Confirmed",10,14,0,"1499.00","2998.00"
15048,"2025-08-10","2025-08-17","White Pearl","Best of Central Atolls 7 nights","Male","Male","Confirmed",0,26,0,"",""
22932,"2025-08-10","2025-08-20","Indo Master","Komodo National Park","Labuan Bajo","Labuan Bajo","Confirmed",5,13,0,"0.00",""
33696,"2025-08-10","2025-08-15","Lagoon 380","Classic 6 days / 5 nights cruise","Nosy Be","Nosy Be","Not confirmed",8,0,0,"",""
6183,"2025-08-11","2025-08-18","Galapagos Master","Master the Galapagos","Port of San Cristobal","Port of San Cristobal","Confirmed",4,12,0,"7140.00",""
26941,"2025-08-11","2025-08-14","Nusantara","Best of Komodo 4D/3N","Labuan Bajo","Labuan Bajo","Confirmed",12,0,0,"840.00",""
6678,"2025-08-12","2025-08-22","Palau Siren","Palau Islands","Koror","Koror","Confirmed",13,3,0,"4280.00","5350.00"
13094,"2025-08-12","2025-08-19","Black Pearl","Best of Palau 7 nights","Malakal","Malakal","Confirmed",4,8,12,"2970.00","3960.00"
21308,"2025-08-12","2025-08-19","Galapagos Citizen Science Expedition","Galapagos 8-day Conservation Dive Trip","Baltra","Baltra","Confirmed",0,14,2,"6090.00",""
22388,"2025-08-13","2025-08-23","Horizon-2 Surf Safari","Central Maldives - Male - Thaa - Dhaalu - Meemu - Laamu - Male","Male","Male","Confirmed",7,5,0,"2962.00",""
34911,"2025-08-13","2025-08-18","Jelajahi Laut","Best of Komodo 6D/5N","Labuan Bajo","Labuan Bajo","Confirmed",7,6,0,"2370.00",""
15679,"2025-08-14","2025-08-21","Heaven Saphir","North-Brothers-Safaga","Hurghada","Hurghada","Not confirmed",20,0,0,"1550.00",""
6914,"2025-08-14","2025-08-24","Solomons Master","Best of the Solomons","Honiara","Honiara","Confirmed",5,11,0,"5080.00","6350.00"
26979,"2025-08-16","2025-08-18","Nusantara","Best of Komodo 3D/2N","Labuan Bajo","Labuan Bajo","Confirmed",12,0,0,"630.00",""
18166,"2025-08-16","2025-08-23","Blue Horizon","Northern Red Sea & Brothers","Hurghada","Hurghada","Confirmed",5,18,3,"1036.00","1295.00"
42369,"2025-08-16","2025-08-23","Blue Melody","Northern Red Sea Wrecks & Reefs","Hurghada","Hurghada","Confirmed",26,0,0,"",""
13568,"2025-08-17","2025-08-24","Horizon-3 Dive Safari","Male - Baa Atoll Hanifaru Bay - Male","Male","Male","Confirmed",17,6,1,"1499.00","2998.00"
15049,"2025-08-17","2025-08-24","White Pearl","Hanifaru Bay Manta Encounter 7 nights","Male","Male","Confirmed",4,16,6,"2781.00","3090.00"
28456,"2025-08-17","2025-08-19","Anne Bonny","Komodo","Labuan Bajo","Labuan Bajo","Confirmed",0,9,0,"",""
33697,"2025-08-17","2025-08-22","Lagoon 380","Classic 6 days / 5 nights cruise","Nosy Be","Nosy Be","Not confirmed",8,0,0,"",""
6184,"2025-08-18","2025-08-25","Galapagos Master","Master the Galapagos","Port of San Cristobal","Port of San Cristobal","Confirmed",0,16,0,"",""
17354,"2025-08-18","2025-08-28","Sea Hunter","Cocos Island","Puntarenas","Puntarenas","Confirmed",0,20,0,"",""
13095,"2025-08-19","2025-08-26","Black Pearl","Palau Bumphead Spawning (New Moon)","Malakal","Malakal","Confirmed",18,6,0,"2970.00","3960.00"
15308,"2025-08-19","2025-08-26","Carpe Diem Phinisi","Komodo National Park","Labuan Bajo","Labuan Bajo","Confirmed",5,3,0,"3124.80","3472.00"
22811,"2025-08-20","2025-08-30","Adora","Surf Central 10Nights","Male","Male","Confirmed",0,21,0,"",""
26942,"2025-08-20","2025-08-23","Nusantara","Best of Komodo 4D/3N","Labuan Bajo","Labuan Bajo","Confirmed",11,1,0,"840.00",""
34914,"2025-08-20","2025-08-26","Jelajahi Laut","Best of Komodo 7D/6N","Labuan Bajo","Labuan Bajo","Confirmed",12,0,0,"2488.50","2765.00"
28457,"2025-08-20","2025-08-24","Anne Bonny","Komodo","Labuan Bajo","Labuan Bajo","Confirmed",0,9,0,"",""
32637,"2025-08-20","2025-08-27","Galapagos Luxury Conservation Expedition","Galapogos Luxury Science Expedition","Baltra","Baltra","Confirmed",2,14,0,"7100.00",""
15680,"2025-08-21","2025-08-28","Heaven Saphir","North + Tiran Wrecks & Reefs","Hurghada","Hurghada","Confirmed",0,20,0,"",""
22902,"2025-08-21","2025-08-29","Indo Master","Custom Itinerary (Charter)","Labuan Bajo","Labuan Bajo","Confirmed",0,16,0,"",""
32547,"2025-08-21","2025-08-24","The Junk","Southern Explorer","Chalong Pier","Chalong Pier","Confirmed",12,5,1,"590.00",""
6244,"2025-08-22","2025-09-04","Pacific Master","Bikini Atoll","Kwajalein","Kwajalein","Confirmed",5,13,0,"7605.00",""
6680,"2025-08-23","2025-09-02","Palau Siren","Palau Islands","Koror","Koror","Confirmed",7,9,0,"4280.00","5350.00"
18167,"2025-08-23","2025-08-30","Blue Horizon","Northern Red Sea Wrecks & Reefs","Hurghada","Hurghada","Confirmed",0,25,1,"1295.00",""
42370,"2025-08-23","2025-08-30","Blue Melody","Brothers, Daedalus & Elphinstone","Hurghada","Hurghada","Confirmed",26,0,0,"",""
20487,"2025-08-24","2025-09-04","Calico Jack","Cenderawasih Bay - Nabire -  Manokwari","Nabire","Monokwari","Confirmed",8,0,2,"5100.00",""
13569,"2025-08-24","2025-08-31","Horizon-3 Dive Safari","Best Of The Central Atolls (Male-Ari-Vaavu-Male)","Male","Male","Confirmed",18,6,0,"1499.00","2998.00"
22389,"2025-08-24","2025-09-03","Horizon-2 Surf Safari","Male - Thaa - Dhaalu - Meemu - Laamu - Huvadhoo","Male","Huvadhoo","Confirmed",0,12,0,"",""
15050,"2025-08-24","2025-08-27","White Pearl","Best of Central Atolls 3 nights","Male","Male","Confirmed",23,1,2,"1500.00",""
33698,"2025-08-24","2025-08-29","Lagoon 380","Classic 6 days / 5 nights cruise","Nosy Be","Nosy Be","Not confirmed",8,0,0,"",""
6185,"2025-08-25","2025-09-01","Galapagos Master","Master the Galapagos","Port of San Cristobal","Port of San Cristobal","Confirmed",6,8,1,"6069.00","7140.00"
6915,"2025-08-25","2025-09-04","Solomons Master","Best of the Solomons","Honiara","Honiara","Confirmed",0,16,0,"",""
26980,"2025-08-25","2025-08-27","Nusantara","Best of Komodo 3D/2N","Labuan Bajo","Labuan Bajo","Confirmed",7,5,0,"630.00",""
13096,"2025-08-26","2025-09-02","Black Pearl","Best of Palau 7 nights","Malakal","Malakal","Confirmed",22,2,0,"2970.00","3960.00"
36735,"2025-08-27","2025-08-31","White Pearl","Best of Central Atoll 4 nights","Male","Male","Not confirmed",0,0,26,"",""
15681,"2025-08-28","2025-09-04","Heaven Saphir","North + Tiran Wrecks & Reefs","Hurghada","Hurghada","Confirmed",0,20,0,"",""